{
    "stat": {
        "ru_self_cgstart": {
            "ru_nvcsw": 121,
            "ru_utime_sec": 0.085121000000000002,
            "ru_stime_sec": 0.055768999999999999,
            "ru_maxrss_kb": 69612,
            "ru_majflt": 0,
            "ru_minflt": 26197,
            "ru_nivcsw": 6
        },
        "ru_childs_cgstart": {
            "ru_nvcsw": 17,
            "ru_utime_sec": 0.010016000000000001,
            "ru_stime_sec": 0.022376,
            "ru_maxrss_kb": 19444,
            "ru_majflt": 0,
            "ru_minflt": 6328,
            "ru_nivcsw": 6
        },
        "Frontend(%)": 72.275527801201847,
        "ru_self_end": {
            "ru_nvcsw": 168,
            "ru_utime_sec": 0.119182,
            "ru_stime_sec": 0.082433999999999993,
            "ru_maxrss_kb": 80652,
            "ru_majflt": 0,
            "ru_minflt": 30403,
            "ru_nivcsw": 8
        },
        "mop/quad": 3.7892261650277899,
        "cpu_cycles_cgstart": 7170791990214746,
        "cpu_cycles_total": 870606620,
        "nMops": 8863,
        "CodeGen(%)": 27.724472198798157,
        "ru_childs_end": {
            "ru_nvcsw": 19,
            "ru_utime_sec": 0.012449,
            "ru_stime_sec": 0.023591999999999998,
            "ru_maxrss_kb": 19912,
            "ru_majflt": 0,
            "ru_minflt": 6922,
            "ru_nivcsw": 8
        },
        "nQuads": 2339,
        "totalObjSize": 93308,
        "cpu_cycles_end": 7170792219233650,
        "mopSpeed": 242861.84030251548,
        "quadSpeed": 64092.727571655618,
        "outputSizePerQuad": 39.892261650277895,
        "peak_mem_kb": 244800,
        "realTime": 0.38174104690551758
    },
    "LVLData": [
        "SIM"
    ],
    "NameTable": {
        "_vcs_unit__2561504331": [
            "_vcs_unit__2561504331",
            "d4Mfd",
            "module",
            1
        ],
        "mult_0000": [
            "mult_0000",
            "x9m30",
            "module",
            7
        ],
        "std": [
            "std",
            "reYIK",
            "module",
            2
        ],
        "testbench": [
            "testbench",
            "iAVhC",
            "module",
            3
        ],
        "...MASTER...": [
            "SIM",
            "amcQw",
            "module",
            8
        ],
        "lstm_compute": [
            "lstm_compute",
            "ghDqH",
            "module",
            4
        ],
        "tanh": [
            "tanh",
            "RPdBp",
            "module",
            6
        ],
        "sigmoid": [
            "sigmoid",
            "bYzLi",
            "module",
            5
        ]
    },
    "cycles_program_begin": 7170791348627030,
    "CurCompileModules": [
        "...MASTER...",
        "_vcs_unit__2561504331",
        "std",
        "testbench",
        "testbench",
        "lstm_compute",
        "sigmoid",
        "tanh",
        "mult_0000"
    ],
    "CurCompileUdps": {},
    "perf": [
        [
            0.15043210983276367,
            0.041864999999999999,
            0.027261000000000001,
            228524,
            229140,
            1582165629.27633,
            7170791665090867,
            "doParsingAndDesignResolution",
            "entry"
        ],
        [
            0.16657900810241699,
            0.052086,
            0.032431000000000001,
            229676,
            230324,
            1582165629.2924769,
            7170791703783986,
            "doParsingAndDesignResolution",
            "exit"
        ],
        [
            0.16666603088378906,
            0.052141,
            0.032465000000000001,
            229676,
            230324,
            1582165629.2925639,
            7170791704002412,
            "doPostDesignResolutionToVir2Vcs",
            "entry"
        ],
        [
            0.18692517280578613,
            0.058409999999999997,
            0.038314000000000001,
            230864,
            234804,
            1582165629.3128231,
            7170791752556580,
            "doUptoVir2VcsNoSepCleanup",
            "entry"
        ],
        [
            0.22730708122253418,
            0.078364000000000003,
            0.048606000000000003,
            244360,
            244380,
            1582165629.353205,
            7170791849499154,
            "doUptoVir2VcsNoSepCleanup",
            "exit"
        ],
        [
            0.22747921943664551,
            0.078479999999999994,
            0.048677999999999999,
            244360,
            244380,
            1582165629.3533771,
            7170791849726374,
            "doRadify_vir2vcsAll",
            "entry"
        ],
        [
            0.23824119567871094,
            0.084862000000000007,
            0.049918999999999998,
            244360,
            244380,
            1582165629.3641391,
            7170791875539576,
            "doRadify_vir2vcsAll",
            "exit"
        ],
        [
            0.23829817771911621,
            0.084899000000000002,
            0.049939999999999998,
            244360,
            244380,
            1582165629.3641961,
            7170791875641582,
            "doPostDesignResolutionToVir2Vcs",
            "exit"
        ],
        [
            0.23834013938903809,
            0.084925,
            0.049956,
            244360,
            244380,
            1582165629.364238,
            7170791875768408,
            "doGAToPass2",
            "entry"
        ],
        [
            0.28604412078857422,
            0.085070000000000007,
            0.055736000000000001,
            242804,
            244380,
            1582165629.411942,
            7170791990134616,
            "DoPass2",
            "entry"
        ],
        [
            0.36283421516418457,
            0.11854099999999999,
            0.076064000000000007,
            244776,
            244800,
            1582165629.4887321,
            7170792174229861,
            "DoPass2",
            "exit"
        ]
    ],
    "CompileStrategy": "fullobj",
    "Misc": {
        "vcs_version": "N-2017.12-SP2-1_Full64",
        "daidir_abs": "/afs/umich.edu/user/x/i/xiuneng/Desktop/eecs627/project/EECS627_Project/simv.daidir",
        "daidir": "/afs/umich.edu/user/x/i/xiuneng/Desktop/eecs627/project/EECS627_Project/simv.daidir",
        "vcs_build_date": "Build Date = Jul 14 2018 20:29:59",
        "master_pid": 23433,
        "VCS_HOME": "/usr/caen/vcs-2017.12-SP2-1",
        "cwd": "/afs/umich.edu/user/x/i/xiuneng/Desktop/eecs627/project/EECS627_Project",
        "csrc": "csrc",
        "csrc_abs": "/afs/umich.edu/user/x/i/xiuneng/Desktop/eecs627/project/EECS627_Project/csrc",
        "default_output_dir": "csrc",
        "archive_dir": "archive.4"
    },
    "cpu_cycles_pass2_start": 7170791990149614,
    "MlibObjs": {},
    "PrevCompiledModules": {
        "_vcs_unit__2561504331": {
            "d4Mfd_d": {
                "out": "d4Mfd_d.o",
                "bytes": 9752,
                "mod": "_vcs_unit__2561504331",
                "checksum": 0,
                "mode": 4,
                "archive": "archive.4/_prev_archive_1.a"
            }
        },
        "mult_0000": {
            "x9m30_d": {
                "out": "x9m30_d.o",
                "bytes": 22540,
                "mod": "mult_0000",
                "checksum": 0,
                "mode": 4,
                "archive": "archive.4/_prev_archive_1.a"
            }
        },
        "sigmoid": {
            "bYzLi_d": {
                "out": "bYzLi_d.o",
                "bytes": 22610,
                "mod": "sigmoid",
                "checksum": 0,
                "mode": 4,
                "archive": "archive.4/_prev_archive_1.a"
            }
        },
        "tanh": {
            "RPdBp_d": {
                "out": "RPdBp_d.o",
                "bytes": 22444,
                "mod": "tanh",
                "checksum": 0,
                "mode": 4,