{
    "cycles_program_begin": 7170883888802461,
    "perf": [
        [
            0.15839505195617676,
            0.043673999999999998,
            0.035734000000000002,
            228500,
            229300,
            1582165667.8816121,
            7170884210649460,
            "doParsingAndDesignResolution",
            "entry"
        ],
        [
            0.18631410598754883,
            0.055897000000000002,
            0.039927999999999998,
            229776,
            230424,
            1582165667.9095311,
            7170884277586249,
            "doParsingAndDesignResolution",
            "exit"
        ],
        [
            0.19546294212341309,
            0.055987000000000002,
            0.04299,
            229776,
            230424,
            1582165667.91868,
            7170884299559779,
            "doPostDesignResolutionToVir2Vcs",
            "entry"
        ],
        [
            0.21244287490844727,
            0.064798999999999995,
            0.045807,
            230964,
            234904,
            1582165667.9356599,
            7170884340148562,
            "doUptoVir2VcsNoSepCleanup",
            "entry"
        ],
        [
            0.33924698829650879,
            0.112676,
            0.064965999999999996,
            245928,
            245936,
            1582165668.062464,
            7170884644172006,
            "doUptoVir2VcsNoSepCleanup",
            "exit"
        ],
        [
            0.33939599990844727,
            0.112827,
            0.064965999999999996,
            245928,
            245936,
            1582165668.062613,
            7170884644471032,
            "doRadify_vir2vcsAll",
            "entry"
        ],
        [
            0.35286498069763184,
            0.12249500000000001,
            0.066350999999999993,
            245928,
            245936,
            1582165668.076082,
            7170884676776882,
            "doRadify_vir2vcsAll",
            "exit"
        ],
        [
            0.35292196273803711,
            0.122533,
            0.066372,
            245928,
            245936,
            1582165668.076139,
            7170884676880560,
            "doPostDesignResolutionToVir2Vcs",
            "exit"
        ],
        [
            0.35296392440795898,
            0.12256,
            0.066387000000000002,
            245928,
            245936,
            1582165668.0761809,
            7170884676975054,
            "doGAToPass2",
            "entry"
        ],
        [
            0.44025897979736328,
            0.124096,
            0.071355000000000002,
            244372,
            245936,
            1582165668.163476,
            7170884886301861,
            "DoPass2",
            "entry"
        ],
        [
            0.69852900505065918,
            0.324957,
            0.094736000000000001,
            246352,
            246380,
            1582165668.421746,
            7170885505742368,
            "DoPass2",
            "exit"
        ]
    ],
    "NameTable": {
        "...MASTER...": [
            "SIM",
            "amcQw",
            "module",
            8
        ],
        "_vcs_unit__2561504331": [
            "_vcs_unit__2561504331",
            "d4Mfd",
            "module",
            1
        ],
        "std": [
            "std",
            "reYIK",
            "module",
            2
        ],
        "testbench": [
            "testbench",
            "iAVhC",
            "module",
            3
        ],
        "sigmoid": [
            "sigmoid",
            "bYzLi",
            "module",
            5
        ],
        "lstm_compute": [
            "lstm_compute",
            "ghDqH",
            "module",
            4
        ],
        "tanh": [
            "tanh",
            "RPdBp",
            "module",
            6
        ]
    },
    "rlimit": {
        "data": -1,
        "stack": -1
    },
    "CompileStrategy": "fullobj",
    "MlibObjs": {},
    "CurCompileModules": [
        "...MASTER...",
        "...MASTER...",
        "_vcs_unit__2561504331",
        "_vcs_unit__2561504331",
        "std",
        "std",
        "testbench",
        "testbench",
        "lstm_compute",
        "lstm_compute",
        "sigmoid",
        "sigmoid",
        "tanh",
        "tanh"
    ],
    "PrevCompiledModules": {
        "tanh": {
            "RPdBp_d": {
                "bytes": 22444,
                "archive": "archive.5/_24200_archive_1.a",
                "checksum": 0,
                "mod": "tanh",
                "mode": 4,
                "out": "RPdBp_d.o"
            }
        },
        "lstm_compute": {
            "ghDqH_d": {
                "bytes": 23372,
                "archive": "archive.5/_24200_archive_1.a",
                "checksum": 0,
                "mod": "lstm_compute",
                "mode": 4,
                "out": "ghDqH_d.o"
            }
        },
        "sigmoid": {
            "bYzLi_d": {
                "bytes": 22610,
                "archive": "archive.5/_24200_archive_1.a",
                "checksum": 0,
                "mod": "sigmoid",
                "mode": 4,
                "out": "bYzLi_d.o"
            }
        },
        "...MASTER...": {
            "amcQw_d": {
                "bytes": 8778,
                "checksum": 0,
                "mod": "...MASTER...",
                "mode": 4,
                "out": "objs/amcQw_d.o"
            }
        },
        "_vcs_unit__2561504331": {
            "d4Mfd_d": {
                "bytes": 9752,
                "archive": "archive.5/_24200_archive_1.a",
                "checksum": 0,
                "mod": "_vcs_unit__2561504331",
                "mode": 4,
                "out": "d4Mfd_d.o"
            }
        },
        "std": {
            "reYIK_d": {
                "bytes": 32908,
                "archive": "archive.5/_24200_archive_1.a",
                "checksum": 0,
                "mod": "std",
                "mode": 4,
                "out": "reYIK_d.o"
            }
        },
        "testbench": {
            "iAVhC_d": {
                "bytes": 25626,
                "archive": "archive.5/_24200_archive_1.a",
                "checksum": 0,
                "mod": "testbench",
                "out": "iAVhC_d.o",
                "mode": 4
            }
        }
    },
    "stat": {
        "ru_self_cgstart": {
            "ru_minflt": 27865,
            "ru_utime_sec": 0.12421699999999999,
            "ru_stime_sec": 0.071355000000000002,
            "ru_nivcsw": 5,
            "ru_maxrss_kb": 72256,
            "ru_majflt": 2,
            "ru_nvcsw": 191
        },
        "mop/quad": 2.9224706587852309,
        "realTime": 0.74384903907775879,
        "ru_childs_cgstart": {
            "ru_minflt": 6898,
            "ru_utime_sec": 0.014702,
            "ru_stime_sec": 0.021978999999999999,
            "ru_nivcsw": 8,
            "ru_maxrss_kb": 21288,
            "ru_majflt": 0,
            "ru_nvcsw": 20
        },
        "nMops": 34114,
        "mopSpeed": 164903.90192969562,
        "cpu_cycles_cgstart": 7170884886452935,
        "ru_childs_end": {
            "ru_minflt": 7492,
            "ru_utime_sec": 0.015963000000000001,
            "ru_stime_sec": 0.024500999999999998,
            "ru_nivcsw": 10,
            "ru_maxrss_kb": 21728,
            "ru_majflt": 0,
            "ru_nvcsw": 22
        },
        "nQuads": 11673,
        "Frontend(%)": 40.174267115107092,
        "outputSizePerQuad": 49.225049258973698,
        "totalObjSize": 574604,
        "cpu_cycles_total": 1724760731,
        "ru_self_end": {
            "ru_minflt": 32963,
            "ru_utime_sec": 0.32982800000000001,
            "ru_stime_sec": 0.113025,
            "ru_nivcsw": 10,
            "ru_maxrss_kb": 85732,
            "ru_majflt": 3,
            "ru_nvcsw": 349
        },
        "CodeGen(%)": 59.825732884892908,
        "cpu_cycles_end": 7170885613563192,