{
    "stat": {
        "ru_self_end": {
            "ru_minflt": 32959,
            "ru_utime_sec": 0.32969999999999999,
            "ru_stime_sec": 0.111954,
            "ru_nivcsw": 10,
            "ru_maxrss_kb": 85732,
            "ru_majflt": 3,
            "ru_nvcsw": 346
        },
        "ru_childs_end": {
            "ru_minflt": 7492,
            "ru_utime_sec": 0.015963000000000001,
            "ru_stime_sec": 0.024500999999999998,
            "ru_nivcsw": 10,
            "ru_maxrss_kb": 21728,
            "ru_majflt": 0,
            "ru_nvcsw": 22
        },
        "cpu_cycles_end": 7170885605962927,
        "peak_mem_kb": 246380
    },
    "Modules": {
        "_vcs_unit__2561504331": {
            "end_perf": [
                0.47431802749633789,
                0.12959200000000001,
                0.079195000000000002,
                246356,
                246360,
                7170884967973273,
                4294967297,
                0
            ],
            "child_modules": {},
            "start_perf": [
                0.46042108535766602,
                0.12812000000000001,
                0.075602000000000003,
                245364,
                245936,
                1582165668.1836381,
                7170884934603412
            ],
            "nQuads": 0,
            "Compiled Times": 6,
            "Compiled": "Yes",
            "nMops": 0,
            "nRouts": 5
        },
        "...MASTER...": {
            "end_perf": [
                0.46024608612060547,
                0.12812000000000001,
                0.075425000000000006,
                245364,
                245936,
                7170884934267616,
                0,
                0
            ],
            "child_modules": {
                "_vcs_unit__2561504331": 1,
                "std": 1,
                "testbench": 1,
                "lstm_compute": 1
            },
            "start_perf": [
                0.44044995307922363,
                0.12428699999999999,
                0.071355000000000002,
                244372,
                245936,
                1582165668.163667,
                7170884886735019
            ],
            "nQuads": 10,
            "nMops": 11,
            "nRouts": 12
        },
        "std": {
            "start_perf": [
                0.47440409660339355,
                0.12959200000000001,
                0.079283000000000006,
                246356,
                246360,
                1582165668.1976211,
                7170884968119172
            ],
            "child_modules": {},
            "svclass": [
                "$vcs_nba_dyn_obj",
                576,
                35,
                2,
                2,
                0,
                "sigprop$$",
                576,
                35,
                2,
                2,
                0,
                "process",
                2380,
                200,
                8,
                8,
                0,
                "event",
                597,
                34,
                2,
                2,
                0,
                "mailbox",
                1769,
                140,
                9,
                9,
                0,
                "semaphore",
                1119,
                84,
                5,
                5,
                0
            ],
            "end_perf": [
                0.48352694511413574,
                0.13714399999999999,
                0.080852999999999994,
                246356,
                246380,
                7170884990007568,
                8589934594,
                0
            ],
            "Compiled Times": 6,
            "nQuads": 218,
            "Compiled": "Yes",
            "nMops": 528,
            "nRouts": 33
        },
        "testbench": {
            "end_perf": [
                0.50972104072570801,
                0.16048299999999999,
                0.082298999999999997,
                246356,
                246380,
                7170885052809397,
                12884901889,
                0
            ],
            "child_modules": {
                "sigmoid": 1
            },
            "start_perf": [
                0.48359894752502441,
                0.13719000000000001,
                0.080880999999999995,
                246356,
                246380,
                1582165668.206816,
                7170884990151853
            ],
            "nQuads": 510,
            "Compiled Times": 6,
            "Compiled": "Yes",
            "nMops": 1436,
            "nRouts": 69
        },
        "sigmoid": {
            "end_perf": [
                0.6255490779876709,
                0.271893,
                0.086556999999999995,
                246356,
                246380,
                7170885330490736,
                30064771073,
                0
            ],
            "start_perf": [
                0.57015705108642578,
                0.21716199999999999,
                0.086044999999999996,
                246356,
                246380,
                1582165668.2933741,
                7170885197658841
            ],
            "child_modules": {},
            "Compiled Times": 6,
            "nQuads": 3600,
            "Compiled": "Yes",
            "nMops": 10416,
            "significant_routs": [
                [
                    1,
                    "R_VCSgd_bYzLi_1",
                    7374769,
                    6702,
                    909
                ]
            ],
            "nRouts": 322
        },
        "lstm_compute": {
            "end_perf": [
                0.57003688812255859,
                0.21707499999999999,
                0.086011000000000004,
                246356,
                246380,
                7170885197476498,
                17179869185,
                0
            ],
            "start_perf": [
                0.50980591773986816,
                0.16053899999999999,
                0.082327999999999998,
                246356,
                246380,
                1582165668.2330229,
                7170885052978687
            ],
            "child_modules": {
                "tanh": 2,
                "sigmoid": 3
            },
            "Compiled Times": 6,
            "nQuads": 3732,
            "Compiled": "Yes",
            "nMops": 11299,
            "significant_routs": [
                [
                    1,
                    "R_VCSgd_ghDqH_1",
                    7869836,
                    5829,
                    821
                ]
            ],
            "nRouts": 341
        },
        "tanh": {
            "end_perf": [
                0.68029689788818359,
                0.32464999999999999,
                0.088540999999999995,
                246356,
                246380,
                7170885461860375,
                34359738369,
                0
            ],
            "start_perf": [
                0.62562704086303711,
                0.271953,
                0.086577000000000001,
                246356,
                246380,
                1582165668.3488441,
                7170885330620134
            ],
            "child_modules": {},
            "Compiled Times": 6,
            "nQuads": 3603,
            "Compiled": "Yes",
            "nMops": 10424,
            "significant_routs": [
                [
                    1,
                    "R_VCSgd_RPdBp_1",
                    8620846,
                    6712,
                    909
                ]
            ],
            "nRouts": 322
        }
    },
    "CompUnits": {
        "amcQw_d": {
            "checksum": 0,
            "mod": "...MASTER...",
            "out": "objs/amcQw_d.o",
            "bytes": 8868,
            "text": 605,
            "mode": 4
        },
        "reYIK_d": {
            "archive": "archive.5/_24200_archive_1.a",