{
    "Modules": {
        "...MASTER...": {
            "end_perf": [
                0.30956697463989258,
                0.096881999999999996,
                0.061187999999999999,
                242872,
                244436,
                6994828959088381,
                0,
                0
            ],
            "child_modules": {
                "_vcs_unit__2561504331": 1,
                "std": 1,
                "testbench": 1,
                "lstm_compute": 1
            },
            "start_perf": [
                0.2966921329498291,
                0.094682000000000002,
                0.058421000000000001,
                242860,
                244436,
                1582092226.5804081,
                6994828928188981
            ],
            "nQuads": 9,
            "nMops": 9,
            "nRouts": 11
        },
        "mult_0000": {
            "end_perf": [
                0.35701608657836914,
                0.13089899999999999,
                0.068946999999999994,
                244832,
                244836,
                6994829072800060,
                38654705665,
                0
            ],
            "Compiled": "Yes",
            "child_modules": {},
            "start_perf": [
                0.35302400588989258,
                0.12790599999999999,
                0.067949999999999997,
                244832,
                244836,
                1582092226.63674,
                6994829063204574
            ],
            "nMops": 2113,
            "Compiled Times": 2,
            "nQuads": 480,
            "nRouts": 29
        },
        "_vcs_unit__2561504331": {
            "end_perf": [
                0.31156706809997559,
                0.097562999999999997,
                0.061992999999999999,
                242876,
                244436,
                6994828963865806,
                4294967297,
                0
            ],
            "Compiled": "Yes",
            "child_modules": {},
            "start_perf": [
                0.30969905853271484,
                0.096962999999999994,
                0.061240000000000003,
                242872,
                244436,
                1582092226.593415,
                6994828959367093
            ],
            "nMops": 0,
            "Compiled Times": 6,
            "nQuads": 0,
            "nRouts": 5
        },
        "std": {
            "start_perf": [
                0.31163597106933594,
                0.097605999999999998,
                0.062019999999999999,
                242876,
                244436,
                1582092226.5953519,
                6994828963988794
            ],
            "child_modules": {},
            "Compiled": "Yes",
            "end_perf": [
                0.31456112861633301,
                0.10052999999999999,
                0.062019999999999999,
                242876,
                244436,
                6994828971092605,
                8589934594,
                0
            ],
            "nMops": 462,
            "Compiled Times": 6,
            "svclass": [
                "$vcs_nba_dyn_obj",
                0,
                37,
                2,
                2,
                0,
                "sigprop$$",
                0,
                37,
                2,
                2,
                0,
                "process",
                0,
                184,
                8,
                8,
                0,
                "event",
                0,
                36,
                2,
                2,
                0,
                "mailbox",
                0,
                99,
                9,
                9,
                0,
                "semaphore",
                0,
                69,
                5,
                5,
                0
            ],
            "nQuads": 213,
            "nRouts": 33
        },
        "tanh": {
            "end_perf": [
                0.35296297073364258,
                0.12786500000000001,
                0.067928000000000002,
                244832,
                244836,
                6994829063089950,
                34359738369,
                0
            ],
            "Compiled": "Yes",
            "child_modules": {
                "mult_0000": 3
            },
            "start_perf": [
                0.34961795806884766,
                0.12529299999999999,
                0.067156999999999994,
                244832,
                244836,
                1582092226.6333339,
                6994829055043228
            ],
            "nMops": 1715,
            "Compiled Times": 6,
            "nQuads": 417,
            "nRouts": 20
        },
        "testbench": {
            "end_perf": [
                0.33999800682067871,
                0.11800099999999999,
                0.066000000000000003,
                244832,
                244836,
                6994829032049620,
                12884901889,
                0
            ],
            "Compiled": "Yes",
            "child_modules": {},
            "start_perf": [
                0.31465601921081543,
                0.10062599999999999,
                0.062019999999999999,
                242876,
                244436,
                1582092226.598372,
                6994828971243838
            ],
            "nMops": 870,
            "Compiled Times": 6,
            "nQuads": 331,
            "nRouts": 54
        },
        "lstm_compute": {
            "end_perf": [
                0.34595108032226562,
                0.121859,
                0.066921999999999995,
                244832,
                244836,
                6994829046281362,
                17179869185,
                0
            ],
            "Compiled": "Yes",
            "child_modules": {
                "mult_0000": 3,
                "tanh": 2,
                "sigmoid": 3
            },
            "start_perf": [
                0.34009099006652832,
                0.118061,
                0.066033999999999995,
                244832,
                244836,
                1582092226.623807,
                6994829032200824
            ],
            "nMops": 1647,
            "Compiled Times": 6,
            "nQuads": 426,
            "nRouts": 54
        },
        "sigmoid": {
            "end_perf": [
                0.34954714775085449,
                0.125246,
                0.067130999999999996,
                244832,
                244836,
                6994829054900134,
                30064771073,
                0
            ],
            "Compiled": "Yes",
            "child_modules": {
                "mult_0000": 3
            },
            "start_perf": [
                0.34601306915283203,
                0.12189999999999999,
                0.066945000000000005,
                244832,
                244836,
                1582092226.629729,
                6994829046397882
            ],
            "nMops": 1737,
            "Compiled Times": 6,
            "nQuads": 422,
            "nRouts": 20
        }
    },
    "CompUnits": {
        "iAVhC_d": {
            "mode": 4,
            "out": "iAVhC_d.o",
            "mod": "testbench",
            "checksum": 0,
            "bytes": 24450,
            "archive": "archive.5/_23424_archive_1.a",
            "text": 6442
        }
    },
    "reusePaths": {
        "amcQw_d": {
            "icPath": "csrc"
        },
        "d4Mfd_d": {
            "icPath": "csrc"
        },
        "RPdBp_d": {
            "icPath": "csrc"
        },
        "reYIK_d": {
            "icPath": "csrc"
        },
        "ghDqH_d": {
            "icPath": "csrc"
        },
        "bYzLi_d": {
            "icPath": "csrc"
        },
        "x9m30_d": {
            "icPath": "csrc"
        }
    },
    "stat": {
        "ru_self_end": {
            "ru_utime_sec": 0.132192,